<?xml version="1.0" encoding="UTF-8"?>
<project-private xmlns="http://www.netbeans.org/ns/project-private/1">
    <editor-bookmarks xmlns="http://www.netbeans.org/ns/editor-bookmarks/2" lastBookmarkId="0"/>
    <open-files xmlns="http://www.netbeans.org/ns/projectui-open-files/2">
        <group>
            <file>file:/D:/XI%20PPLG%202/mapel%20produktif/bu%20eva/toko_raffa/JavaApplication2/src/dbtoko_raffa/FormHome.java</file>
            <file>file:/D:/XI%20PPLG%202/mapel%20produktif/bu%20eva/toko_raffa/JavaApplication2/src/dbtoko_raffa/FormSupplier.java</file>
            <file>file:/D:/XI%20PPLG%202/mapel%20produktif/bu%20eva/toko_raffa/JavaApplication2/src/dbtoko_raffa/FormDataBarangg.java</file>
            <file>file:/D:/XI%20PPLG%202/mapel%20produktif/bu%20eva/toko_raffa/JavaApplication2/src/dbtoko_raffa/FormTransaksi.java</file>
            <file>file:/D:/XI%20PPLG%202/mapel%20produktif/bu%20eva/toko_raffa/JavaApplication2/src/dbtoko_raffa/koneksi.java</file>
            <file>file:/D:/XI%20PPLG%202/mapel%20produktif/bu%20eva/toko_raffa/JavaApplication2/src/dbtoko_raffa/FormDashboardKasir.java</file>
            <file>file:/D:/XI%20PPLG%202/mapel%20produktif/bu%20eva/toko_raffa/JavaApplication2/src/dbtoko_raffa/Config.java</file>
            <file>file:/D:/XI%20PPLG%202/mapel%20produktif/bu%20eva/toko_raffa/JavaApplication2/src/dbtoko_raffa/FormDashboardAdmin.java</file>
        </group>
    </open-files>
</project-private>
